{"cameraMode":{"drawMode":0,"name":"Shaded","section":"Shading Mode"},"sceneLighting":false,"audioPlay":false,"sceneViewState":{"showFog":true,"showMaterialUpdate":false,"showSkybox":true,"showFlares":true,"showImageEffects":true,"showParticleSystems":true},"in2DMode":false,"pivot":{"x":0.24966640770435334,"y":0.831289529800415,"z":0.11511516571044922},"rotation":{"x":-0.2014201581478119,"y":-0.0038222114089876415,"z":0.0007866682717576623,"w":-0.9794971346855164},"size":3.1039326190948488,"orthographic":false}