{"cameraMode":{"drawMode":0,"name":"Shaded","section":"Shading Mode"},"sceneLighting":true,"audioPlay":false,"sceneViewState":{"showFog":true,"showMaterialUpdate":false,"showSkybox":true,"showFlares":true,"showImageEffects":true,"showParticleSystems":true},"in2DMode":false,"pivot":{"x":2.9306983947753908,"y":2.0909690856933595,"z":6.728991508483887},"rotation":{"x":-0.2014201581478119,"y":-0.0038222114089876415,"z":0.0007866682717576623,"w":-0.9794971346855164},"size":158.409423828125,"orthographic":false}