{"cameraMode":{"drawMode":0,"name":"Shaded","section":"Shading Mode"},"sceneLighting":false,"audioPlay":false,"sceneViewState":{"showFog":true,"showMaterialUpdate":false,"showSkybox":true,"showFlares":true,"showImageEffects":true,"showParticleSystems":true},"in2DMode":false,"pivot":{"x":-0.35853609442710879,"y":0.23046085238456727,"z":-0.278123140335083},"rotation":{"x":-0.05874285474419594,"y":0.03353356197476387,"z":-0.0019731526263058187,"w":-0.9977078437805176},"size":1.92362642288208,"orthographic":false}