{"cameraMode":{"drawMode":0,"name":"Shaded","section":"Shading Mode"},"sceneLighting":false,"audioPlay":false,"sceneViewState":{"showFog":true,"showMaterialUpdate":false,"showSkybox":true,"showFlares":true,"showImageEffects":true,"showParticleSystems":true},"in2DMode":false,"pivot":{"x":0.05510854721069336,"y":0.444607675075531,"z":-0.2826605439186096},"rotation":{"x":-0.03689505532383919,"y":0.9424928426742554,"z":-0.11107314378023148,"w":-0.31306368112564089},"size":2.3678722381591799,"orthographic":false}