{"cameraMode":{"drawMode":0,"name":"Shaded","section":"Shading Mode"},"sceneLighting":false,"audioPlay":false,"sceneViewState":{"showFog":true,"showMaterialUpdate":false,"showSkybox":true,"showFlares":true,"showImageEffects":true,"showParticleSystems":true},"in2DMode":false,"pivot":{"x":0.05510854721069336,"y":0.444607675075531,"z":-0.2826605439186096},"rotation":{"x":-0.05403434485197067,"y":0.8233615756034851,"z":-0.079543337225914,"w":-0.559311032295227},"size":2.3678722381591799,"orthographic":false}