{"cameraMode":{"drawMode":0,"name":"Shaded","section":"Shading Mode"},"sceneLighting":false,"audioPlay":false,"sceneViewState":{"showFog":true,"showMaterialUpdate":false,"showSkybox":true,"showFlares":true,"showImageEffects":true,"showParticleSystems":true},"in2DMode":false,"pivot":{"x":-0.12759608030319215,"y":0.9924483299255371,"z":-0.17233800888061524},"rotation":{"x":-0.05874285474419594,"y":0.03353356197476387,"z":-0.0019731526263058187,"w":-0.9977078437805176},"size":4.023626327514648,"orthographic":false}