{"cameraMode":{"drawMode":0,"name":"Shaded","section":"Shading Mode"},"sceneLighting":true,"audioPlay":false,"sceneViewState":{"showFog":true,"showMaterialUpdate":false,"showSkybox":true,"showFlares":true,"showImageEffects":true,"showParticleSystems":true},"in2DMode":false,"pivot":{"x":5.079606056213379,"y":8.20556640625,"z":-1.4417595863342286},"rotation":{"x":-0.2372567057609558,"y":0.6711305975914002,"z":-0.24141915142536164,"w":-0.6595526933670044},"size":11.483795166015625,"orthographic":false}