{"cameraMode":{"drawMode":0,"name":"Shaded","section":"Shading Mode"},"sceneLighting":false,"audioPlay":false,"sceneViewState":{"showFog":true,"showMaterialUpdate":false,"showSkybox":true,"showFlares":true,"showImageEffects":true,"showParticleSystems":true},"in2DMode":false,"pivot":{"x":0.2048276662826538,"y":0.46633195877075198,"z":-0.06093430519104004},"rotation":{"x":-0.3067903220653534,"y":-0.18766720592975617,"z":0.061840180307626727,"w":-0.9310405850410461},"size":2.8640146255493166,"orthographic":false}