{"cameraMode":{"drawMode":0,"name":"Shaded","section":"Shading Mode"},"sceneLighting":false,"audioPlay":false,"sceneViewState":{"showFog":true,"showMaterialUpdate":false,"showSkybox":true,"showFlares":true,"showImageEffects":true,"showParticleSystems":true},"in2DMode":false,"pivot":{"x":-0.30506420135498049,"y":0.32575714588165285,"z":-0.4522610306739807},"rotation":{"x":-0.22903603315353394,"y":0.3326382040977478,"z":-0.08362959325313568,"w":-0.9109887480735779},"size":2.8236262798309328,"orthographic":false}