{"cameraMode":{"drawMode":0,"name":"Shaded","section":"Shading Mode"},"sceneLighting":false,"audioPlay":false,"sceneViewState":{"showFog":true,"showMaterialUpdate":false,"showSkybox":true,"showFlares":true,"showImageEffects":true,"showParticleSystems":true},"in2DMode":false,"pivot":{"x":0.02487051486968994,"y":0.7033165693283081,"z":-0.10881733894348145},"rotation":{"x":-0.20518721640110017,"y":-0.07713229209184647,"z":0.016224151477217675,"w":-0.975543737411499},"size":3.1039326190948488,"orthographic":false}