{"cameraMode":{"drawMode":0,"name":"Shaded","section":"Shading Mode"},"sceneLighting":true,"audioPlay":false,"sceneViewState":{"showFog":true,"showMaterialUpdate":false,"showSkybox":true,"showFlares":true,"showImageEffects":true,"showParticleSystems":true},"in2DMode":false,"pivot":{"x":6.4033708572387699,"y":6.489019393920898,"z":4.0076003074646},"rotation":{"x":-0.2372567057609558,"y":0.6711305975914002,"z":-0.24141915142536164,"w":-0.6595526933670044},"size":18.636510848999025,"orthographic":false}