{"cameraMode":{"drawMode":0,"name":"Shaded","section":"Shading Mode"},"sceneLighting":false,"audioPlay":false,"sceneViewState":{"showFog":true,"showMaterialUpdate":false,"showSkybox":true,"showFlares":true,"showImageEffects":true,"showParticleSystems":true},"in2DMode":false,"pivot":{"x":-0.06548357009887696,"y":0.8865854740142822,"z":-0.33873605728149416},"rotation":{"x":-0.13862572610378266,"y":0.8389042615890503,"z":-0.2515367567539215,"w":-0.4623330533504486},"size":6.786447048187256,"orthographic":false}