{"cameraMode":{"drawMode":0,"name":"Shaded","section":"Shading Mode"},"sceneLighting":false,"audioPlay":false,"sceneViewState":{"showFog":true,"showMaterialUpdate":false,"showSkybox":true,"showFlares":true,"showImageEffects":true,"showParticleSystems":true},"in2DMode":false,"pivot":{"x":0.06318148970603943,"y":0.9449588656425476,"z":0.16539490222930909},"rotation":{"x":-0.2014201581478119,"y":-0.0038222114089876415,"z":0.0007866682717576623,"w":-0.9794971346855164},"size":2.2602806091308595,"orthographic":false}