{"cameraMode":{"drawMode":0,"name":"Shaded","section":"Shading Mode"},"sceneLighting":false,"audioPlay":false,"sceneViewState":{"showFog":true,"showMaterialUpdate":false,"showSkybox":true,"showFlares":true,"showImageEffects":true,"showParticleSystems":true},"in2DMode":false,"pivot":{"x":0.0,"y":0.6920000314712524,"z":0.3179999887943268},"rotation":{"x":-0.03689505532383919,"y":0.9424928426742554,"z":-0.11107314378023148,"w":-0.31306368112564089},"size":2.0970635414123537,"orthographic":false}